customer_id,churn_prediction,churn_probability
767114958,0,0.00020455626
708123033,0,0.0010455931
715424283,0,0.0015237537
717865008,0,0.00020095262
710188308,0,0.0014347279
716574033,0,0.00020586819
713183508,0,0.00020699679
718583133,0,0.00043458535
783554958,0,0.0007928723
714418158,0,0.00017618164
710061783,1,0.99812084
716225433,0,0.00030696744
788327358,0,0.00064287847
714847983,0,0.00020781987
720031908,0,0.0002773942
713700258,0,0.00019526616
721265883,0,0.0062543657
715321008,1,0.99971837
717831783,0,0.00033063654
711480108,0,0.0020534173
797638383,0,0.00031734054
709950858,0,0.00023595286
717060858,1,0.9994029
716045508,0,0.0006839005
787482033,1,0.99625266
719601708,0,0.000120585
717683583,0,0.000299921
813905508,0,0.00043938908
769985883,1,0.05556493
718927533,0,0.0007535176
784868958,0,0.00045084735
787539333,0,0.0001832278
789871233,0,0.00078465696
826061508,0,0.000586143
716354883,1,0.99973077
717678408,0,0.00056772894
715341858,0,0.00019400162
713003358,1,0.99707234
713374533,0,0.00038510733
709985133,0,0.00053225923
771204108,0,0.00013446361
713758758,0,0.00063779793
709453833,0,0.00010526041
713227233,0,0.00051560765
714967233,1,0.9960353
714358008,0,0.0021513966
779514558,0,0.0006211418
794498733,0,0.00017720244
793015083,0,0.00041582106
789212883,1,0.9996182
718677858,0,0.00041785833
713675658,0,0.0004519577
719523108,0,0.00082916085
708390633,0,0.00042320965
715098333,0,0.0003495725
712060158,0,0.00027974145
716831508,0,0.005429755
778172583,0,0.0019115765
789430083,0,0.00026968864
709996833,1,0.9833031
708890133,0,0.0007162276
773332908,0,0.00013664554
715870758,0,0.0005742758
789363408,0,0.00021974648
779118708,0,0.00012207875
710544033,0,0.00010030982
717500133,0,0.0009278932
712046808,1,0.9675839
815484783,0,0.00038413735
713843283,0,0.00022783403
717260058,0,0.00030263592
773383158,0,0.00012918402
711041508,0,0.0007815158
816843933,0,0.0002317843
715043508,0,0.0004376476
717241233,0,0.0007511567
717521508,0,0.00015454616
708331758,0,0.0014700545
715571583,0,0.00033529644
711146358,0,0.0002660737
789594108,0,0.0010485771
779327733,0,0.00033163792
711391308,0,0.00010598195
718994583,0,0.0018705977
718212633,0,0.00017043199
711861258,0,0.0012770589
718123608,0,0.00024872262
718958583,1,0.98299086
772207683,0,0.0004746271
719629308,1,0.78510356
708303108,0,0.0009442344
788957358,0,0.00082690344
708727983,0,0.0019116001
714217908,0,0.008819059
708928908,0,0.00037049255
712411908,0,0.00029455527
771075258,0,0.0025863354
717866133,0,0.00039537688
713652783,0,0.0014550339
714076683,1,0.9997265
803963808,0,0.0011173956
778968408,0,0.00038181807
720064158,0,0.000114882205
778921908,0,0.00023471809
770878458,0,0.000110061854
786087633,0,0.0019123371
788752833,0,0.0011148232
766006758,0,0.00045132116
710342508,0,0.00033985393
711422358,0,0.0002884428
778574283,0,0.00024261628
709987683,1,0.99990594
821168733,0,0.0001310123
717765183,0,0.00024003013
708723858,0,0.00040932468
720618033,0,0.00024385795
718899708,0,0.00033873637
716437533,0,0.0023313775
717491058,0,0.00052122003
711029358,0,0.0010525134
716768808,0,0.0004020358
801056358,0,0.00033279712
779210283,0,0.00040445797
718441308,0,0.00013765044
713241033,0,0.0027664443
711064008,0,0.00042432136
772137183,1,0.99784434
788739633,1,0.9925875
708953883,1,0.99989796
716549058,0,0.00096053776
824789283,0,0.00053037
788252358,0,0.00012581085
819752133,0,0.0004891257
716944983,0,0.0076031378
716545383,0,0.0017944513
720836808,0,0.00025416634
783361533,0,0.00015506988
710893533,0,0.0016557934
709793133,0,0.002391565
716609433,1,0.9959836
715222533,1,0.9997718
713597658,1,0.99019206
720837708,0,0.0006366595
786546783,0,0.016197802
778747608,0,0.00031449972
801385458,0,0.0006487132
720844008,0,0.00012591478
754443033,1,0.99793386
799486158,0,0.00022728206
798140283,0,0.0017369525
772036233,0,0.00093467627
711427458,1,0.3705173
712727283,0,0.00019252428
710754933,1,0.99614006
709938708,0,0.00014053023
710831133,0,0.008245634
715570533,1,0.9997925
794576058,0,0.00039006767
786557358,0,0.0006646604
708212658,0,0.00027686445
818993508,0,0.00018600322
718466883,0,0.00019545821
717085983,0,0.0035591961
709986633,0,0.00069658936
779348358,1,0.9978364
752944533,0,0.0019765566
712340733,0,0.0019341296
814459833,0,0.0020158966
718373658,0,0.00012418142
771359958,0,0.00056516763
779198133,0,0.00028505718
788618208,0,0.00038050523
712288158,0,0.0014965835
711838008,1,0.99629056
710202783,0,0.00013090554
771976683,0,0.0042163287
716176683,0,0.00034656256
711278283,0,0.0019134025
715019883,0,0.00080682256
720292983,0,0.0010840013
716498883,0,0.00052006054
713798958,0,0.00023122873
716939358,0,0.00070466276
709005633,1,0.99826366
795573333,0,0.00011411738
771069033,0,0.00024969754
801709308,0,0.00019810958
716345283,0,0.00039659883
714835833,0,0.0005316437
779783508,0,0.00020147044
825767658,0,0.00022492986
717575958,1,0.99828655
720753183,0,0.0021892118
711766758,0,0.0003464689
711397533,0,0.00011472686
767058183,0,0.00015926777
788864508,0,0.000558518
778377183,0,0.00037855326
710844408,0,0.0012976421
714919308,1,0.9983267
708874533,1,0.99969447
778356408,0,0.00014917138
769035933,0,0.00021700827
771228183,0,0.00021376787
772539558,0,0.0003415468
714045783,1,0.99966097
809797158,0,0.0010475877
719531133,0,0.0017388932
719192808,0,0.00023751093
720662508,0,0.00018948494
820848408,0,0.0001053963
712412958,0,0.0007580727
778984383,0,0.00022214612
712865583,0,0.00016225314
819997983,0,0.00019737633
718301508,0,0.00031129117
789197508,0,0.0019166023
809459733,0,0.0003612925
813901458,0,0.00067661976
772360683,0,0.00058861496
779725833,0,0.00030713694
712996833,0,0.00026933633
779681433,1,0.852184
787591008,0,0.00015659486
712642533,0,0.00014408652
721051908,0,0.0010245831
715503558,0,0.0005566722
709841433,0,0.00396645
710424408,0,0.0016088187
709592808,0,0.0001306626
788038383,0,0.015026493
714363858,0,0.00028198754
815015283,0,0.00056504837
771336783,0,0.00016300585
738899658,1,0.99714667
796170933,1,0.020529844
720992883,0,0.00088831346
712238958,0,0.0002500866
718530258,0,0.00086334615
711794358,1,0.99370676
716366208,0,0.00031348044
770038983,1,0.99789315
709937583,0,0.0001640781
787623858,0,0.0013521545
711676008,0,0.005971402
812218908,1,0.9991842
720281508,0,0.0003285545
721139808,0,0.0012570136
709990983,0,0.0058047166
718244958,0,0.00078155263
756639708,0,0.0006304408
718645308,0,0.00013986342
717389433,0,0.0009823233
779310033,1,0.9996389
717192933,0,0.00061994797
718379358,0,0.0002381908
779661033,0,0.0003502387
715880283,0,0.0005665597
719469333,0,0.0001743464
708974283,0,0.0002853824
789859833,0,0.002978439
772339383,0,0.0058239587
716319258,0,0.00022192173
720330558,1,0.99847764
789827208,0,0.0014105258
751450008,0,0.0010514461
789791808,0,0.000385686
717321783,0,0.00026263492
712549758,0,0.0020557
712470033,0,0.003858887
719291283,0,0.0001172477
720413658,0,0.0003529993
709230708,0,0.004931738
708384033,1,0.8968074
715029333,0,0.0004232506
771040758,0,0.0007898663
711635358,0,0.00013023644
716604633,0,0.00078785815
716438433,0,0.00013846332
711216933,0,0.0001258609
713916708,0,0.00020517448
710106933,0,0.0006034085
806189658,0,0.000114946306
770632758,0,0.0072060004
789238683,0,0.0024746775
711873033,1,0.9918629
720384633,0,0.0007667373
712181658,0,0.00022817444
714957108,0,0.0001824588
720247158,0,0.0031882129
772313358,0,0.00019345483
803652633,0,0.0007461221
771422883,1,0.9989135
718009158,0,0.00011537909
712612233,0,0.0010717838
709901058,0,0.00014046177
716682258,0,0.00016331421
711478233,0,0.0030447694
720040158,0,0.00022941921
720212508,0,0.0003271645
787605558,0,0.00024234719
780557658,0,0.00606556
709952658,0,0.0006547119
793379058,0,0.00018161732
716971833,0,0.00041822676
720997383,1,0.999087
827111283,0,0.0030211906
769396158,1,0.99962723
820085808,0,0.0017795092
780349833,0,0.00027485008
715964058,0,0.00019284176
771903033,0,9.5440664e-05
802668333,1,0.9987143
718504983,0,0.0020909521
714882258,0,0.00035211016
714211533,0,0.009751688
720198183,0,0.0010965905
803587533,0,0.00015547407
720050208,0,0.0011237101
771058908,0,0.0012553213
708971583,0,0.00032902972
788812608,0,0.0013830793
805282908,0,0.00024712257
717403158,0,0.000952931
718418958,1,0.9997986
721374033,0,0.000347103
710849208,0,0.000427056
771823308,0,0.00048296346
719019483,0,0.00035968726
769927533,0,0.0006388869
718951683,0,0.00015112867
709666908,0,0.00017819653
719857008,0,0.00026539725
788709408,0,0.00026482195
710641008,0,0.0002649874
815812683,0,0.0010332351
717624708,1,0.99975485
789398733,0,0.00019604091
716136333,1,0.99875367
715162608,1,0.9977984
710822808,0,0.0055824392
714147858,0,0.00090451783
767333808,0,0.0006374989
719654283,0,0.00014562493
766273533,0,0.0003995148
779601783,0,0.0007579618
711370458,0,0.0006463345
715519983,0,0.00017366381
788782008,0,0.0016491824
787595658,0,0.0011608724
758211483,0,0.00030827578
710637183,0,0.00019609083
712144158,1,0.9941282
715378383,0,0.00033235544
771061008,1,0.98656785
719583558,0,0.00035082185
810986883,0,0.0002663006
788797983,0,0.0065660216
815104608,0,0.0008303654
715369008,0,0.00027576034
713418558,0,0.0010612175
708332808,0,0.0002901379
719729433,0,0.00070379436
789022233,0,0.0010149552
714234858,0,0.0014174505
709170108,1,0.9998666
779727558,0,0.0045441547
708245808,0,0.00019447517
778255083,0,0.00026461374
718755483,0,0.0010480518
712627083,1,0.5615733
788990508,0,0.00026865234
804437658,0,0.00024882602
778430733,0,0.0011100576
808747233,1,0.99686253
710555433,1,0.5699541
708826158,0,0.0001920868
717023508,0,0.0007670599
719694408,1,0.8533188
710014683,0,0.00015588036
815596608,0,0.00021429722
712721358,1,0.98896295
716870583,0,0.0003955373
780076833,0,0.0002808047
793616883,0,0.00022527645
789105183,0,0.0009430661
817970208,0,0.00024401658
779844408,1,0.99980146
719206308,0,0.0010163466
721269108,0,0.00035682874
772139433,0,0.0003923302
717042333,1,0.9998431
710273658,0,0.00081737497
716626008,0,0.00014036939
716230158,0,0.00017427027
713010483,0,0.0001954226
711220683,0,0.00022749799
721398858,0,0.00022212538
779400183,0,0.0006769536
789964983,1,0.9971583
715102308,0,0.0008461919
712730583,0,0.0025445616
718870158,0,0.00026445888
719484408,0,0.00078050804
720244983,0,0.0005828378
781306758,1,0.99965763
779412783,0,0.0015247625
721217283,0,0.0012875238
815062383,0,0.00092003396
714155283,0,0.0006930144
716981358,0,0.00018341973
824915208,0,0.00028229554
708498033,1,0.998212
716860233,0,0.00022657216
709839858,0,0.00015946639
713144208,1,0.9994307
708573933,0,0.00013351253
712579983,0,0.00020308414
790099758,0,0.0037243122
711305208,0,0.0014824409
720062508,1,0.9989654
708205083,0,0.00070591195
772336458,1,0.9967085
710986758,0,0.00035797205
789271533,0,0.00019104182
711360783,0,0.0005973806
714035283,1,0.99893314
720415833,0,0.0005645913
778873608,0,0.00014491018
718661958,0,0.004198907
719026383,0,0.0016677879
710229333,0,0.00015684516
720437358,0,0.009292235
811467708,0,0.00025543664
778933983,0,0.00016835054
719413383,0,0.000524985
718252533,1,0.9854388
718188858,0,0.00068975973
711382458,1,0.9931544
721212258,0,0.00018187882
717600483,0,0.0003731681
761544333,0,0.0003782715
809425533,0,0.00061329943
709678608,0,0.00051431864
713151258,0,0.00030636662
715345833,0,0.0005282158
720776508,0,0.00030201938
720689583,0,0.000411141
801728658,0,0.0009743859
718979733,0,0.0013035
721163133,0,0.0047695083
710595783,0,0.0013939647
714781908,0,0.0004108644
709618308,0,0.00030468212
713971608,0,0.00068050897
718020408,0,0.00028433139
716513358,0,0.0007275445
710401458,0,0.013394002
712177908,0,0.00012889497
719216508,0,0.0001288575
711017433,0,0.0006031291
788386908,0,0.00057746173
710819733,1,0.9874418
711978858,0,9.877535e-05
807136758,1,0.99836177
716138958,0,0.004436306
713070033,0,0.0005256808
827055333,0,0.006075757
827408058,0,0.0005345609
793608258,1,0.99574065
717013383,0,0.00026324234
714320358,0,0.001553582
716948283,0,0.0007928488
717657333,0,0.004335796
788687133,0,0.0012501476
710736558,0,0.00046512636
708721533,0,0.0012421606
817108083,1,0.9994
719737833,0,0.0019754327
813967983,0,0.00011593217
771464808,0,0.00024844627
713025558,1,0.9951591
779016408,0,0.0022788045
712096758,0,0.00015484278
789523683,0,0.00045394278
713177808,0,0.00019648948
718777008,0,0.010466869
711004533,0,0.0003242228
720046458,0,0.00016206189
710453283,0,0.009282929
708736608,1,0.9995302
778908783,0,0.00017085992
716056158,1,0.9995278
773257233,0,0.0002480775
711371208,0,0.00032178732
711831558,0,0.00013628199
712164333,1,0.99670047
780126033,1,0.9971349
821889858,1,0.99916625
779656908,0,0.00018419685
766821033,1,0.9840624
789196158,1,0.026182473
714228558,0,0.0011663229
827360883,0,0.0035291687
712815858,0,0.002418033
714533058,0,8.4091735e-05
790149483,0,0.00040684122
771584658,0,0.0003011574
814181433,0,0.00030739795
788761608,0,0.00027820838
709009833,0,0.00088836084
708244458,0,0.0002982546
797998158,0,0.0002912498
808279158,0,0.0014796525
804601833,0,0.00071538717
789690483,0,0.0035914895
819109308,0,0.00058349094
739317558,0,0.00019232412
721305408,0,0.0012260788
716535408,0,0.00022233174
719391783,0,0.0004009416
780602733,0,0.00019250593
789556533,0,0.00034873688
713422083,1,0.99918073
721506708,0,0.00047424674
715774833,0,0.0006208885
714962658,1,0.9997243
783561558,0,0.00034888802
826709658,1,0.99938416
790017858,0,0.0021690074
712319958,0,0.00049359066
717483558,0,0.0001451158
713985183,0,0.00040148754
708404883,0,0.0067311646
717208833,1,0.9910682
816091608,0,0.00013069413
709087983,0,0.0021692633
710763783,0,0.0006266569
719018208,1,0.99013054
713976258,0,0.00023219439
709554483,0,0.0007342041
794485158,0,0.00030057167
718795083,0,0.0002735954
826451433,0,0.00029252825
826717533,0,0.00026883787
715294083,1,0.9023448
779187783,0,0.00025928652
719513733,0,0.0002545903
709816158,0,0.005807194
711720408,0,0.0005507512
714960408,1,0.9998124
770746908,0,0.00062083104
716101308,0,0.00029765323
809825358,0,0.0002370442
719826333,0,0.00016372614
710207208,0,0.00045680138
720128658,1,0.97600365
780727833,0,0.00034587798
802247658,1,0.99115306
717787533,1,0.039939646
721115733,0,0.00024894113
709446783,0,0.009160036
784719708,0,0.00043615143
718570158,0,0.0011993365
709965858,0,0.00016438706
757594083,0,0.00026091628
789599283,0,0.00073012337
718947558,0,0.00028089574
721147383,0,0.00012606918
720683958,0,0.0005449254
780657708,0,0.0012378107
713935533,0,0.00013233908
713948808,0,0.0006638324
715406658,1,0.9995987
772640808,0,0.00060885074
708496833,1,0.8692187
804847308,0,0.00022899108
716931183,0,8.355123e-05
714030183,0,0.00055268593
809296308,0,0.00029748556
708358683,0,0.00034786723
794664183,0,0.00021033824
712475733,0,0.017601999
708770883,0,0.00076440093
821339433,0,0.0001993798
709206333,1,0.98176986
806914158,1,0.9997763
709607733,0,0.00023239416
712843983,1,0.8099609
780511683,1,0.96449363
709161108,1,0.9807943
708272808,0,0.0002401414
708680583,0,0.00035689102
708712833,0,0.0013797488
711947358,0,0.00031651775
719634408,0,0.0006529453
718267233,0,0.0034047926
715479483,0,0.0072124507
711164508,0,0.000116714495
719294433,0,0.00015981986
714412308,1,0.9994455
716434533,1,0.99923325
719061933,0,0.00081732316
719091333,0,0.006347073
716573058,1,0.99865294
740784258,0,0.00016100128
711863433,0,0.00022926395
780529908,0,0.00015193825
715132758,0,0.00036241795
713934633,1,0.8067246
827423433,0,0.00044447652
708385533,1,0.9935222
789407958,0,0.00049154426
712589658,0,0.000251097
714759708,0,0.0005319544
826068183,0,0.00095467217
709913733,0,0.0031139872
789744033,0,0.0011098508
710926383,0,0.00044410935
714052158,1,0.99915504
714900408,1,0.044878185
787532808,0,0.00035443803
802449933,0,0.00034350166
755996583,1,0.9997904
709625733,0,0.0022027001
719686458,0,0.006444563
708642708,1,0.99974936
790082508,0,0.0008065838
713205108,0,0.0003213817
710838108,0,0.0010169714
714427608,0,0.00025348534
711655683,0,0.00020505402
826168083,0,0.00023378828
708553008,0,0.010725641
719554758,0,0.000352591
820383558,0,0.00051385286
817293258,0,0.00042523225
709275558,0,0.0013329801
816078708,0,0.00011213975
719490108,0,0.0035537616
710410158,1,0.84730375
813961233,0,0.0002555358
714259533,0,0.00029483117
713550483,0,0.00047012055
719073483,1,0.99842286
710428308,0,0.00026253329
779340183,0,0.0006613803
788820933,0,9.651808e-05
798022683,1,0.99980897
717273333,0,0.00045275694
713952558,1,0.97024417
712545183,0,0.0013274071
789611283,0,0.001138456
713339283,0,0.00022509012
721032633,1,0.9987546
719953383,0,0.0006615839
712814658,0,0.00011204622
711764733,0,0.002264348
715915458,0,0.00014835446
720712533,0,0.00018575405
709984083,0,0.00024652554
719268333,0,0.00025646572
790048158,0,0.0003953844
717856983,0,0.0031270655
715545933,0,0.00013581768
709861008,0,0.0004212244
712863183,0,0.00047737558
712423233,0,0.00010398085
711648708,0,0.00033704212
714864333,1,0.9994721
788830683,0,9.775828e-05
719358333,0,0.0027033829
789541458,0,0.0002175243
711589758,0,0.0002623586
711574008,0,0.0013764611
779548008,0,0.0008397235
801037833,0,0.0002669394
720924633,0,0.0012970706
718596858,0,0.011985207
737967708,0,0.00013090916
798110358,0,0.008709046
789582483,0,0.000108343804
710529708,0,0.0044500376
789526458,0,0.012186042
711039633,0,0.01336623
828294933,1,0.9953961
720422358,0,0.00054633454
720252858,0,0.0022009476
788966958,0,0.0006918711
714435408,0,0.00020931312
713453733,0,0.00044852227
711208083,0,0.00014818495
721220583,0,0.0003354003
720205608,0,0.0002564525
789983133,0,0.0018505749
787581858,0,0.00025659095
708705783,1,0.9895315
717234183,0,0.0004625632
808705758,0,0.00010918431
711183558,1,0.024464758
812979408,1,0.99926275
715354008,0,0.0011048901
721062408,1,0.020854697
712410858,0,0.0003482573
779116158,0,0.018326927
712866933,0,0.00021430153
710411358,1,0.9990356
771881283,0,0.0005038514
715363908,0,0.0010816441
789560433,1,0.9955545
709752183,0,0.0010903173
807161508,0,0.0035352376
708393633,0,0.00087637996
771886233,0,0.0003091051
716930133,0,0.003896042
809937933,0,0.00033260428
816596583,0,0.0018267671
718803333,0,0.0005001966
795237183,0,0.0006831742
720419358,0,0.00038074143
719514783,0,0.00036290236
780374133,0,0.00024451496
810868758,0,0.00013229618
714286383,0,0.00023162898
708588408,0,0.00071252236
813338733,0,9.938086e-05
788826408,0,0.00073592446
713134458,0,0.0012220425
716350008,0,0.00015745262
738062658,0,0.0001895312
709449333,0,9.850323e-05
718665933,0,0.00066857267
748503708,0,0.00027736006
807141183,0,0.0006990346
766381908,0,0.00011471712
822112383,0,0.00020019549
709061658,0,0.00088090956
797166633,0,0.00025248431
789435783,0,0.0011499149
708266883,1,0.9982529
716793108,0,0.00027299038
712253058,0,0.00019059442
716430933,0,0.00021754773
715746633,0,0.002068341
714842208,0,0.0002671971
713879283,0,0.0007929263
778679883,0,0.0002820892
712110333,1,0.99940634
720724008,0,0.000295537
708387933,0,0.0014237305
712165308,0,0.0005127075
720283758,1,0.99536234
708473133,0,0.0021520373
810493458,0,0.0023721321
711122958,1,0.9949616
721502958,0,0.0016810833
715908558,0,0.0010167282
711594858,0,0.00016395924
789513858,1,0.999448
712795833,1,0.9760423
719628033,0,0.0005318659
718282983,0,0.00033672032
714121983,0,0.00018051703
709791333,0,0.00014558467
779916408,0,0.0007303022
711657783,0,0.00047178537
780203883,0,0.00015234532
709367433,0,0.00073811295
736145283,0,0.0009808275
711516783,0,0.002839777
712104333,0,0.00015935043
711116133,1,0.99942964
712988958,0,0.00038311098
771201408,0,0.00018133526
712011633,0,0.00016452599
713579733,0,0.00014019068
796544133,0,0.00044042277
709272333,0,0.00041781968
715153158,0,0.00032073676
779342958,0,0.0011538937
810545733,0,0.0003503033
805453908,0,0.000122034406
817086783,0,0.0003057594
714943233,0,0.00027753465
789097833,0,0.00042467017
759584958,1,0.9970438
708886533,0,9.680788e-05
708761733,1,0.022036184
711600033,0,0.00077474734
769935783,0,0.0019790141
717446208,0,0.0001871339
721121283,0,0.0003556164
819151083,0,0.0010135078
716470683,0,0.00017236781
779643858,0,0.0010372596
787665258,1,0.99610114
787475433,0,0.001465893
717448383,1,0.99643207
710812533,1,0.99955994
716461683,0,0.00030656706
814571058,0,0.00019514852
712071708,0,0.0056426683
720769533,0,0.0038923114
794581533,0,0.00033840147
715732533,1,0.72707134
708286683,0,0.0004549421
708543258,0,0.00047589763
713809833,0,0.00013059797
793636308,0,0.0002340722
789095958,1,0.98625666
757722708,0,0.00040335485
738627708,1,0.99645954
820353558,0,0.0007491597
718739508,0,0.00070533465
788943333,1,0.795422
708397008,0,9.508865e-05
711392508,0,0.0004632079
780653208,0,0.00023845963
710251608,0,0.0020363939
719354433,0,0.00013652365
710676483,0,0.00089634344
826414083,0,0.00022615778
720673008,0,0.00033543934
716736858,0,0.00017628314
715660308,1,0.99763787
785387883,0,0.0014926944
721028283,0,0.00036202776
717797658,0,0.00042131337
712390683,1,0.07745387
717965808,0,0.015474911
721514883,0,0.0014246425
718477983,0,0.0004031755
719671383,0,0.00025720499
711191808,0,0.0004379107
708637758,0,0.00036761793
794675058,1,0.99941695
720508233,1,0.09404799
713094483,0,0.006886506
780064983,0,0.0019838118
710155158,1,0.99801093
710904708,0,0.00022052896
801715383,1,0.99947757
806889633,0,0.0062235426
794831733,0,0.00043708453
712019883,0,0.0023490197
770956158,0,0.0008814012
778386033,0,0.0033198565
708147108,0,0.00019337315
710310108,0,0.00027426766
771982083,0,0.0004498548
714754533,0,0.00011365421
717626508,0,0.00026711915
718328283,0,0.0010637778
716739258,0,0.00044585927
714277758,0,0.0013424526
720210483,0,0.00051070336
720411183,0,0.00013572421
711379083,0,0.00013433455
798558783,0,0.00010710376
713363583,0,0.00032800462
720339558,0,0.00019888689
715008858,0,0.00023443047
779037408,0,0.0029514718
721513833,0,0.00038755944
714311583,0,0.00028809044
797414733,0,0.0035230934
716864733,0,0.000592575
712924383,1,0.9919412
719854008,0,0.0014714529
771630783,0,0.00025466335
771471708,0,0.0006603222
769463433,0,0.0007585895
711377808,0,0.00048365013
713133258,0,0.00072682236
718162908,1,0.04539668
713257083,0,0.00013414792
772687983,0,9.606247e-05
711535158,1,0.9944608
799700208,0,0.00037699263
717177783,0,0.00031608262
711402333,0,0.00091453915
714304458,0,0.0028032665
713347608,1,0.9971107
718303683,1,0.9994072
714317058,0,0.0010451315
718152333,1,0.9985826
716385033,0,0.0017408653
720674133,0,0.008787232
719153433,0,0.00016165874
712765158,0,0.001314103
713229633,1,0.9948537
712256358,0,0.00090212387
717656433,0,0.00018837831
771081558,0,0.00042344173
710702733,0,0.0040454697
779612808,0,0.0051640086
713904708,0,0.00010834743
716546283,0,0.0002714847
711670308,0,0.0015091901
710856558,0,0.00028053575
713639958,0,0.0009595604
716987358,1,0.99918693
720008133,0,0.00055381306
710084883,0,0.0003329955
816476658,1,0.95396346
778486008,0,0.0009990389
769053033,1,0.99873334
716171358,0,0.00040722513
772684833,0,0.000387345
709485033,0,0.00012394304
713352183,0,0.00045455722
712557708,0,0.00066662446
821149008,1,0.9988525
711816108,1,0.9997186
712532058,0,0.00061719125
718811058,0,0.00026514914
713696808,1,0.9995333
753233733,0,0.000550145
717030633,0,0.0010145212
718320933,0,0.00011596843
714608583,1,0.99919766
715942683,0,0.0005495287
771356508,0,0.00031544713
711326583,0,0.0015227282
714621183,0,0.00017913246
712805658,0,0.0006983049
808981608,0,0.00013143924
718337733,0,0.0008636345
715921758,0,0.00028782935
779803008,0,0.00018623837
717195933,1,0.9998752
712562433,1,0.99927944
769578108,0,0.00044237298
715442958,0,0.00040715956
708402333,0,0.00029698428
719334408,0,0.001394727
788246958,0,0.00031766534
780336258,0,0.0005398369
772706283,0,0.00012776966
780684933,0,0.00016642727
712927383,1,0.9998172
712820208,0,0.00030460692
721434483,0,0.00037354464
720659283,0,0.0003747324
716004258,0,0.00017812058
713111883,0,0.0005178622
772248408,0,0.00016218028
787492908,0,0.00016264271
718227033,0,0.00042844238
711320508,0,0.0003981907
718828083,0,0.00031778798
709823733,1,0.9973979
772116408,0,0.00028844195
717355533,0,0.00021280738
715932708,0,0.00023490188
719679858,0,0.002825462
772323033,0,0.0003419611
714168183,0,0.0052799666
710719683,0,0.00068231265
719876808,0,0.00059501844
778894233,0,0.00018363725
712881483,0,0.01495262
789481233,1,0.9913918
714767508,0,0.00070130837
789144633,0,0.0010433353
710635083,1,0.022080513
711557508,0,0.00020855831
720650208,0,0.0057172044
810856833,0,0.00050888915
712828533,0,0.0069053425
714503433,1,0.99954575
817245183,0,0.00013685314
709106358,0,0.0015822191
720179883,0,0.00086176075
816756783,0,0.00026550962
812501358,0,0.0008939948
717203958,0,0.0001775087
719661558,0,0.0038973982
716297658,1,0.1942416
756065433,0,0.001712511
717076458,0,0.0017526562
716586408,0,0.00063916674
719776608,0,0.0054665753
710268858,0,0.00019252428
719400108,0,0.0016023238
715398858,0,0.0012940704
717359208,0,0.00015172962
788595183,0,0.00056413753
772082208,0,0.00024453105
720770883,0,0.0017958764
716263533,0,0.00021815114
719848008,0,0.0014898869
717073308,0,0.0006897607
716277558,0,0.009498549
712010358,1,0.99894387
709319658,1,0.999485
794665608,0,0.009059805
708997833,0,0.00041855083
717135333,0,0.00019844003
795784008,1,0.9990847
711728208,0,0.00019880025
737925558,0,0.0010784602
719147208,0,0.00019333813
715941633,0,0.0080925785
714078558,1,0.99931896
719453283,0,0.00016903157
794507133,1,0.9982591
710790258,0,0.0015534897
755953308,0,0.00088647817
712710708,0,0.0031866918
717843783,0,0.0009631935
710297133,0,0.00027973345
716222808,0,0.00035814117
714069858,0,0.0008206168
787659483,0,0.002428494
757167633,0,0.00016550295
717207408,0,0.0016549464
778224858,0,0.0001429557
709103358,0,0.00016318656
816829608,0,0.0023025856
719838558,0,0.00016916524
718161708,1,0.044537637
717382608,0,0.00037766152
711762408,0,0.0001572042
811571733,0,0.0021352954
779403558,0,0.0007865551
718399233,0,0.0005463632
711343233,0,0.0030673528
779536233,0,0.0008079681
718893333,0,0.00040788192
716697708,1,0.99939287
708788583,1,0.99817014
713808633,0,0.00018320631
721210158,0,0.0015996683
789666333,0,0.00033422856
710872233,1,0.3504764
780497958,0,0.00083633134
798047583,0,0.0041634873
817089408,0,0.00029132146
787472283,0,0.00020787516
801786483,0,0.0006180003
709040508,0,0.00016460603
709257708,0,0.00027798855
753118533,0,0.0002723088
812222208,0,0.001897991
714187533,0,0.0021626954
789180933,0,0.0006434758
718140783,0,0.0003870154
713924283,1,0.96397537
713236458,0,0.0012693928
816315558,0,0.0010693759
770135358,0,0.00034118054
714284358,0,0.0004489847
712965183,0,0.00020049464
713668158,1,0.5943162
784819758,0,0.00043677114
712025958,0,0.00037460614
713653983,0,0.0001824962
712619808,0,0.00026689257
710086308,0,0.00017124874
711781233,0,0.0002938151
708254733,0,0.0035608606
788930358,0,0.00035889022
714361083,1,0.95754737
713253858,1,0.9979259
771020133,0,0.0020411839
719593608,1,0.9993156
714407058,0,0.00028052452
721282908,0,0.0029883902
771507258,0,0.00018866934
716285358,0,0.000231024
711985833,1,0.042631794
717182883,0,0.00046252465
714618333,0,0.00022197484
709443633,0,0.00027995728
778180158,0,0.00042494695
713755458,1,0.999231
767269908,0,0.00043991965
778231983,0,0.000114944654
769911858,0,0.0015842423
711866358,0,0.00036335463
774437583,0,0.0005062705
711232608,1,0.9988925
721315233,0,0.00015369146
713401758,0,0.00020195992
769438608,1,0.99958473
713172408,0,0.0004000215
778425408,0,0.00017175601
718611333,0,0.00017550743
771400608,0,0.00046280248
719990358,0,0.00064624177
714250908,1,0.9995328
715992558,0,0.00021307255
713181558,0,0.00047960048
793597833,0,0.0001253607
816013383,1,0.9992834
715518783,0,0.00032814004
779353083,0,0.0013980817
719881533,1,0.9734533
792864858,0,0.00037212594
808681158,0,0.0077361274
717390408,1,0.6767449
720551733,1,0.9984188
772273983,1,0.999361
720648483,0,0.0006002732
721486908,0,0.0005340022
716657058,0,0.00057236705
713630733,0,0.0018337633
718586133,0,0.00056013337
717482658,0,0.0005670662
718503108,0,0.0050404374
714148758,1,0.06608473
708902883,0,0.00040914037
771499233,0,0.00016903722
714113658,0,0.001677573
713231658,0,0.00032668264
708319908,1,0.9996687
715629783,0,0.00042217452
820587258,0,0.0008357526
771852483,0,0.0009303883
712578933,1,0.99556786
711263058,0,0.0003147361
779405133,0,0.000752999
716094333,0,0.00014890576
778837083,1,0.99011725
712434708,1,0.9995258
771431133,0,0.00073173654
709716258,0,0.0002831819
710464683,0,0.0002242566
787543008,0,0.00045163857
709363383,0,0.00023322967
817988433,0,0.000116685675
717189183,0,0.00069104414
710854008,0,0.0033428466
714531108,0,0.00074519555
778420383,0,0.00035779123
809068983,0,0.00087737374
713131158,1,0.99727637
709649958,1,0.99760544
754886958,0,0.00018880233
713476758,0,0.000196888
709473708,0,0.0007501449
708190158,1,0.99873966
719813058,0,0.00026442588
708158133,1,0.9988789
815826708,0,0.0008202642
712682583,0,0.00032758023
714917583,0,0.00024015603
711577458,0,0.00024981133
717623583,0,0.0016437107
708899283,0,0.007323732
720249183,0,0.0014696843
718653333,1,0.99987245
721424583,0,0.00057176076
708451233,0,0.0031594771
788122533,0,0.0010453017
708298233,1,0.98257565
711935283,1,0.99931014
769892058,0,0.00055178715
717954333,0,9.631452e-05
820108008,0,0.00030251246
712840608,0,0.00036545916
817240833,0,0.0006179906
771051783,0,0.00083530357
779895108,0,0.0006666737
714811533,0,0.0018058539
714945708,1,0.93252355
712925808,1,0.99588805
712302783,0,0.0002951076
710725383,0,0.00024605473
708710283,0,0.00027484485
708382083,0,0.0014529902
767404083,1,0.9998136
773297508,0,0.0007462458
717478983,0,0.0021074845
709679658,0,0.00022371222
721427358,1,0.9997501
718178583,0,0.00040929776
718489608,0,0.0018804041
721349883,0,0.0039083655
787505133,1,0.99368906
711521958,0,0.00017487784
708271833,0,0.0019418594
711242058,1,0.9987198
718524783,1,0.9986772
715050408,0,0.00032179683
757527033,0,0.0010314799
717580458,1,0.9573228
714938733,1,0.999678
719170683,0,0.0014201853
715347783,0,0.0025921357
790108908,0,0.00019610485
789218433,0,0.0007144548
789469083,0,0.00078465516
715797783,0,0.0007041489
713761608,0,0.0016385536
771669183,0,0.00045283075
779521533,0,0.000117217955
715554708,0,0.0007644275
767687208,0,0.0001339567
708655983,0,0.0034656872
720729108,0,0.00023621305
708722583,0,0.00021579997
715371108,1,0.9991837
797238108,0,0.0010144539
718640508,0,0.0098913135
709487058,0,0.00044324633
712948383,0,0.0018330764
708469533,0,0.00029081138
709104333,0,0.0034315179
755420433,0,0.0005331254
718996758,0,0.0003139587
719445633,0,0.00016587104
709231683,0,0.0009047877
708846183,0,0.00020325772
826723308,0,0.00018013944
710825658,0,0.0001949949
796931508,1,0.9986613
808753758,0,0.00014576165
789494133,0,0.0005618543
816312633,0,0.0025979807
720029508,0,0.00029954952
714971583,0,0.00014649735
789325008,0,0.000425348
713287608,0,0.0010094364
754872333,0,0.0011988431
713573508,1,0.9995278
718875483,0,0.00013617858
780237033,0,0.0042883097
710363433,0,0.0006547968
795232683,0,0.00016489209
719577258,1,0.99928916
717400533,0,0.009090216
713047608,1,0.996745
716645883,0,0.0001764491
709707033,1,0.9993148
711112683,0,0.001240848
799723908,0,0.00010550218
712290258,0,0.00037965013
710462433,0,0.00023863498
812446158,0,0.00051922665
788741733,0,0.00028422812
780201633,1,0.99904007
713656308,0,0.005128539
710749458,0,0.000682673
817142433,0,0.0008888342
789491058,0,0.0012267552
812488608,0,0.00013042038
710563458,0,9.7816745e-05
716013858,0,0.0051021413
717890583,0,0.00027585632
789540108,0,0.0001542298
708753633,0,0.0015954685
772776033,0,0.00044561646
751283658,0,0.0002109979
711237633,1,0.99295133
817197333,1,0.023054339
718737708,0,0.0015741423
710507733,0,0.0006473683
712979133,1,0.089925945
717975333,0,0.0016781825
787563858,0,0.00021211234
779442783,0,0.0001592886
720608658,0,0.00012004944
714524583,1,0.99777454
713580633,0,0.017014371
712214283,0,0.00012093633
720190083,1,0.999724
718394658,0,0.00023828645
708615183,0,0.00044203032
827476983,1,0.9922231
803335008,0,0.00053330284
711658758,0,0.00038335467
721232058,0,0.0026004296
809599158,1,0.9992305
717127083,0,0.00065485324
709243533,0,0.00029213278
711267633,1,0.9993291
809849358,1,0.9887073
720708183,0,0.00037888004
805259733,0,0.014419039
712660308,1,0.99643314
714296358,0,0.0012288316
823578483,0,0.00032689734
709749483,0,0.00044708865
715215108,0,0.00021156073
718415133,0,0.0017799786
710500983,1,0.9840083
714970458,0,0.00029128478
708931908,0,0.00022916909
749571633,0,0.0007660019
801508383,0,0.00019491663
717185658,1,0.99877065
812618883,0,0.0014618488
819002508,0,0.00034011615
710218233,0,0.00061719125
719344608,0,0.00036179778
718464258,0,0.0005744567
710512833,0,0.0001506576
718032483,0,0.0001549051
710159658,0,0.00039363038
715765758,0,0.0014157176
811700058,1,0.9869797
806824908,0,0.00032363884
712428333,0,0.00022561931
710971908,0,0.00022667437
718011783,0,0.0002031008
721399833,0,0.0005005799
710975883,0,0.0021708875
712420833,0,0.0033172166
803115258,1,0.9995191
721005108,0,0.00021120741
788610258,0,0.00050682214
716159958,0,0.0008232386
789231858,0,0.002553113
719123958,1,0.9995598
719337408,1,0.025361238
779486433,0,0.00016578787
817337958,0,0.00976494
712774908,0,0.0010103716
813234108,0,0.0051023206
792524358,0,0.0032695886
719282433,0,0.00096673815
720299283,0,0.00015784994
709479558,0,0.0020644797
716102583,0,0.0021117558
713733633,1,0.46400392
795155433,0,0.00011635101
711783483,0,0.000105944964
721532583,1,0.9907749
714753258,0,0.0003445164
721055058,0,0.00030193303
720510333,0,0.00035901836
718146258,0,0.0011772022
715664808,1,0.99965787
719964933,0,0.00042761673
709173108,1,0.9997516
719722308,0,0.002762405
719666283,0,0.0010719912
780006783,1,0.99989486
715601808,0,0.00065007724
769720683,0,0.00018691581
765692658,0,0.00028082903
717819633,0,0.00026198968
718699683,0,0.0012156259
797169633,0,0.0006752737
710636208,0,0.00024828926
709309308,1,0.9988416
819690933,0,0.00021559515
711615933,0,0.0008106218
714933783,0,0.00050118216
778643733,1,0.9952153
712867983,0,0.0076292823
718939083,1,0.9994124
713512308,1,0.6495679
790123983,0,0.00019926633
711153783,0,0.00017802246
744483633,0,0.0015544699
719971458,0,0.00015491589
716506083,1,0.99932504
716329383,1,0.98823696
719719158,0,0.0022524076
716107158,1,0.5807355
714477408,1,0.9911713
773146383,0,0.001698251
708635058,0,0.0002244977
803421108,0,0.0030085924
716210283,0,0.00021460783
711315783,0,0.0040080044
712489158,0,0.00059402117
718576908,0,0.00054400554
753208833,0,0.0009866656
798546408,0,0.00019765148
827114058,0,0.00034796324
771453033,0,0.0016202921
718452633,1,0.99878234
718026858,0,0.0003779671
721181883,0,0.000710539
717609633,0,0.0004801091
710927733,0,0.00048211042
711551958,1,0.9992084
716365233,0,0.0006051164
783121008,0,0.00012918228
716780283,0,0.0004449121
718471758,0,0.00021729938
756571983,0,0.0065087546
714700158,0,0.00045296803
794191008,0,0.00024050572
711000933,0,0.00012381157
789025083,0,0.00029443594
717074283,1,0.9959287
714243408,0,0.00024713838
716462658,0,0.0021539305
719944458,0,0.0002498721
718866633,0,0.00023341077
714247458,0,0.0012362489
783910008,0,0.0004998242
714294183,1,0.9997385
789530208,0,0.0009545143
714389058,0,0.00021421612
772661808,0,0.00015111527
710135058,0,0.00030776803
716805408,0,0.00015386287
789304983,0,0.0003299935
743912958,0,0.0005087827
715311183,0,0.00025541277
720264783,0,0.00030234898
788771733,0,0.00014139288
711724083,1,0.9027589
717628608,0,0.0016997859
712319058,0,0.0006632585
772231233,0,0.00049039436
715315008,0,0.002604181
778853358,0,0.00155377
714581358,1,0.9995072
710810883,0,0.00043732795
709879458,0,0.00057798513
811970808,0,0.0012600842
720015183,0,0.0007115025
708907833,0,0.00017183727
826261008,1,0.9991203
794682483,0,0.0003064902
708098133,0,0.00013232305
711069483,0,0.0009390725
709537683,1,0.97341883
710770383,0,0.0016604055
809811858,1,0.99854434
772216833,0,0.00036111136
717830583,0,9.4820454e-05
713779908,0,0.0007854941
712507758,0,0.0031508924
716093133,0,0.0027800617
817382958,0,0.0007173178
714400308,0,0.00054592534
789466008,0,0.00059087796
710289783,1,0.9777659
712659408,0,9.936105e-05
788791383,0,0.0008258605
709822008,0,0.00014369767
816615633,1,0.08160893
718521258,0,0.0014800584
713533983,0,0.0006093872
709444983,1,0.9984261
717405408,0,0.00030400231
753226158,0,0.000120897355
780384483,1,0.99467045
720096558,0,0.0011528187
778567983,0,0.0005925046
711649908,0,0.00014645419
718038483,0,0.00018084764
719519058,1,0.99855274
770985633,0,0.0015871366
713600958,0,0.00037265386
719801508,0,0.000119102144
713686008,0,0.0009814724
720401658,1,0.9975762
715572783,0,0.0004625361
817908783,0,0.00035952474
712361583,0,0.00049326185
709108533,0,0.00018536055
718490658,0,0.00043280263
790006383,0,0.0014103652
710744433,0,0.005340968
780865308,0,0.0062949173
716643033,1,0.999688
789241308,1,0.99931145
721344858,0,0.0048465915
717050883,0,0.00020664657
788979258,0,0.00045119663
719125158,0,0.0033954165
709545333,0,0.00026146014
721165608,0,0.0006573181
714652383,0,0.00016653063
737921733,0,0.007150544
804428958,0,0.00014671571
720075558,0,0.002679274
769676358,0,0.000113319715
716378658,0,0.0009166516
714479358,1,0.99896336
712141683,0,0.0027558068
710005683,0,0.0010415541
721228308,1,0.9997209
758833758,0,0.016487278
787565433,0,0.008856073
780253533,0,0.0007647747
714595983,1,0.9998783
709547658,1,0.99937695
711801933,1,0.99967384
715808808,0,0.00025291223
711294258,0,0.0012468677
708542283,0,0.00051899976
787514433,0,0.00056800636
779773533,0,0.0009539288
807964908,0,0.00023489092
757753083,0,0.0010245391
779331558,0,0.001116697
799026633,0,0.0047482634
719898108,0,0.0002633696
711252258,0,0.0002388592
719724933,0,0.00013705569
715413483,0,0.00047668308
751518633,1,0.9952691
742552683,0,0.0002684301
756598833,0,0.0005242532
794562783,0,0.00023185836
779942808,0,0.0005410472
789151983,0,0.00030077546
779598183,0,0.0006211947
720714933,0,0.00012893468
708536283,1,0.99018294
714548733,0,0.0006670042
713796033,1,0.98657596
770817783,0,0.0006787811
716032233,0,0.00014157136
719806233,0,0.00036172124
712835433,0,0.00096658943
713975433,0,0.00020733871
715076358,1,0.99743843
720731808,1,0.36942855
714616308,0,0.00012732222
717502083,1,0.98550224
789362058,0,0.0004856997
794530608,0,0.0070909737
709007883,0,0.00031534673
709219533,0,0.0012917134
787723758,0,0.0005660432
710968008,0,0.00012406176
780638958,0,0.0002495402
716951658,0,0.0016852851
715956258,0,0.0023010208
785119833,0,0.018875983
710723958,0,0.0010634577
714011358,0,0.0006005324
717724233,0,0.000873198
754671558,1,0.020881763
794514108,0,0.0004925848
719385558,0,0.0021048947
712637283,0,0.00030587337
714222183,0,0.00022793894
709175208,0,9.020105e-05
717112533,0,0.013354765
714426783,0,0.0002976629
721448283,1,0.9987274
782548758,0,0.00013786691
717561108,0,0.00045490463
720585183,0,0.0012772274
714643983,0,0.00040150058
712291308,0,0.0002924273
713036208,0,0.00029777046
709979583,0,0.001676563
717517758,0,0.00023919351
717271983,0,0.0001360104
718528008,0,0.0012842806
719118708,1,0.99868697
708657033,0,9.086233e-05
717489033,1,0.9634914
818926833,1,0.10942042
708338958,0,0.0002545393
827683383,0,0.0004927708
717099408,0,0.00031342366
716878533,0,0.0007372522
797410983,0,0.0007083798
789625383,0,0.0017506325
709701558,0,0.00019421482
708334158,0,0.00022265378
710638233,1,0.9958568
794496033,0,0.00029671087
709738008,0,0.00012701385
808756458,0,0.00043837685
710982858,0,0.00039489003
718451133,0,0.0029350494
717991533,0,0.00015502657
713104458,1,0.9989637
715783758,0,0.00013227423
716891583,0,0.00019098919
714557583,0,0.00044714083
714840858,0,0.00021935941
788911458,0,0.00022884835
712521783,0,0.0012822389
716756133,0,0.0006976749
793550958,0,0.0011341668
768687183,0,0.00026916
778170633,0,0.00011236056
789307833,0,0.00077522366
718291233,0,0.00023474538
718984533,0,0.00043824356
794293908,0,0.000951867
708829758,0,0.0023208074
717016833,0,0.0005623472
711339258,0,0.00038482403
708754833,0,0.00033813991
716773533,0,0.0011623484
788896983,0,0.0006540262
715694433,0,0.0006205107
708403308,0,0.00527526
715511658,0,0.0003825517
717327783,0,0.004550088
717384183,0,0.0021381096
818929158,0,0.0011649022
789539058,0,0.002304488
718357458,0,0.0072350516
709530408,0,0.0012745193
826245858,1,0.99824226
716800908,0,0.0011775168
714425283,0,0.0005822695
718345233,1,0.6812607
713128833,0,0.012423568
769577358,0,0.00024068877
758824608,0,0.00016812788
716742483,0,0.0016770023
710905908,0,0.00095779024
712902483,0,0.00014189653
772105608,0,0.00027908583
809951133,1,0.9157816
710015733,1,0.9939459
716893683,1,0.9978549
788808633,0,0.0002971134
714100008,1,0.9876517
717211608,0,0.00076421915
711008508,0,0.00044309805
712899333,0,0.004181529
714091983,0,0.00023983225
802878408,0,0.00069014344
715958583,0,0.0005337262
716142858,0,0.00023056014
720449208,0,7.901972e-05
739021908,0,0.0004473909
817035108,0,0.00014130393
718957083,0,0.00019317669
712084383,0,0.00016653014
771952683,0,0.00026868336
719782458,0,0.00010002719
721164483,0,0.0006345973
806989008,0,0.00023097775
709624533,0,0.0037686422
710570058,1,0.999171
713114133,1,0.9987663
771224358,0,0.000962794
809440008,1,0.99986625
785515533,0,0.00066318264
713709258,0,0.0012647616
708104658,0,0.0025709672
817958733,0,0.00017996038
721183983,0,0.00031621405
810220833,0,0.00028028098
713373708,1,0.99974746
715710708,0,0.00012570054
717443658,0,0.00052128365
717915783,1,0.9987827
779217333,0,0.00016147064
710794983,0,0.00014200021
795855258,0,0.00090037554
788719533,1,0.08018573
720782658,0,0.00016422146
720034983,0,0.0016964242
713536158,0,0.00024397703
755262933,0,0.0028453087
719136183,0,0.00019579135
715898058,0,0.0009095719
716315508,1,0.998749
788667408,0,0.0015703667
768949983,0,0.0007730106
778882758,0,0.0006168943
709465758,0,0.000915342
719781183,0,0.00015173425
720101658,0,0.0008145394
713782608,0,0.0005642575
802101858,0,0.00073112425
708757233,0,0.0002649912
709711758,1,0.9995926
772000533,0,0.0018481656
720827133,1,0.9993166
789903708,0,0.00030084144
719855958,0,0.00030139321
713254983,0,0.00083139905
709120008,0,0.0067085004
720927183,0,0.00038900008
716875083,0,0.0011053071
716988633,0,0.0010524577
711553308,0,0.0007579168
788802483,0,0.00014139166
708908883,0,0.0003898398
712644483,0,0.00015731322
716311683,0,0.0018070415
779707308,0,0.006398123
720595083,0,0.00029291282
715034358,0,0.0011485426
720897783,0,0.0002095897
826513233,0,0.011162562
826065258,0,0.000601401
772426383,0,0.00024196992
717972408,0,0.00026415623
708888633,1,0.99960774
714916758,0,0.00076134683
710888883,0,0.00022418649
717296808,0,0.0007220095
713847858,1,0.9842556
768728508,0,0.00020788824
762020133,1,0.99932694
710706558,1,0.020586848
709278258,1,0.98171633
710679933,1,0.9683119
713152383,0,0.00018754725
771429408,0,0.0019690215
770721858,0,0.0026713782
778686408,0,0.00019598073
771682533,0,0.0009378086
712378983,1,0.8981378
714615258,1,0.9995016
713027058,1,0.9986413
789485433,0,0.00015042907
716368008,1,0.9792985
771935283,0,0.00022873141
779315508,1,0.9911686
794843883,0,0.0011222664
822084333,1,0.99643636
714893733,0,0.0025701565
719474583,1,0.039798077
717141858,0,0.00036957924
712714008,0,0.00020164647
719570733,0,0.0007579117
720980958,0,0.00059847796
720964683,0,0.00077778765
718263108,1,0.98856133
789101883,0,0.0010151579
809292483,0,0.000555202
778973658,0,0.0005553473
708560733,0,0.00082908105
721171008,0,0.003669865
781297983,0,0.0056324094
778228458,0,0.00060278684
797668983,0,0.00049854064
713492583,1,0.9988783
715799808,1,0.9988877
711647808,0,0.0018207239
720840108,0,0.00038750254
711349083,0,0.009103988
721247883,0,0.0001474319
720497958,0,0.0066251387
719466558,0,0.0030350753
753220383,1,0.9985317
757481283,0,0.005874685
778506633,1,0.9994388
819634233,1,0.9987208
753795633,1,0.99886405
715435758,0,0.000109786386
772063308,0,0.00044354095
718205283,0,0.00017289966
720863133,0,0.00018009839
709288383,0,0.00023092313
709213458,1,0.99909854
708670608,0,0.00029714798
709150608,0,0.0009097527
713105508,0,0.0005645001
716303583,0,0.00032890897
787669233,0,0.0003362643
771488583,0,0.000674214
708269583,0,0.00013245232
779809908,0,0.00023573248
720973833,0,0.0050512915
720236433,0,0.00023582464
717895833,0,0.00019394945
718921683,0,0.00015848638
713828208,0,0.003107237
779241783,0,0.00046415377
797241108,0,0.0003314549
716635758,0,0.00039506642
714536208,0,0.006266172
709372608,0,0.00017062043
769574883,1,0.11964209
718286658,0,0.00022007903
714839808,0,0.00010919358
718342158,1,0.98858345
778573233,0,0.00019958235
715680933,0,0.0003674694
708396033,0,0.0002585245
713356833,0,0.00513471
814593858,0,0.00083136495
771592458,0,0.00030359364
827631483,0,0.00024189173
811721133,0,0.00020696541
720443358,0,0.00019022042
709477233,0,0.00026221058
711942783,0,0.0011270075
768848658,0,0.003090146
788772708,0,0.0002504975
717109983,0,0.00023370248
712128258,0,0.004022845
720621408,0,0.006732335
710295858,0,0.0007716719
714647808,0,0.0011243524
712374708,0,0.0002731359
715547058,1,0.9993305
720539583,0,0.0005006042
712952283,0,0.00028891012
710475408,0,0.00022886973
715007583,0,0.00023634122
713061558,1,0.11825107
772288758,0,0.00037209457
713977308,0,0.000103582825
801064833,0,0.00027886004
708129933,0,0.0047942842
789167658,0,0.0008980934
720286908,0,0.00015773214
716565258,0,0.011199058
708564858,1,0.9991339
778895883,0,0.00067330024
709410033,0,0.0012470726
710745633,0,0.00030324564
709008708,0,0.00040961217
714738858,0,0.00010637347
713639058,1,0.99905926
719739108,0,0.0019925572
826079508,0,0.00032860774
710795883,0,0.00022734924
710404533,0,0.000399392
719359458,0,0.007008018
821837958,0,0.0019983791
710691633,0,0.0005565664
779296908,0,0.0045793755
710797833,0,0.00054622756
804337233,0,0.00020563787
713823033,1,0.9996437
720076458,0,0.0003208646
809818008,0,0.00026745527
717376758,0,0.0002614367
795844983,0,0.00025415228
789368658,0,0.0012688966
720462633,0,0.0004324886
708938508,0,0.0013616527
709560258,1,0.9847637
717513933,0,0.0009420499
711113958,0,0.010308413
713995233,0,0.00018980772
717906783,0,0.009977826
716516208,0,0.0012555443
756658083,0,0.000996582
718692258,0,0.0009295921
719816583,1,0.99897015
787578183,0,0.00013168412
788699808,1,0.038385294
809320908,0,0.00038304087
789942033,1,0.92832714
714006333,1,0.99476904
710813733,0,0.0006452974
711679533,0,0.006072409
709212183,0,0.0017678889
807523008,0,0.0004933197
787480158,0,0.00011323298
711272058,0,0.00034305526
720033033,0,0.00022871613
794124708,0,0.00041205445
790164408,0,0.00040818437
714831033,0,0.0005097832
718731183,1,0.9996216
827888433,0,0.0005329598
711992133,0,0.00013293466
711809283,0,0.00034074252
714574083,0,0.017194951
769189083,0,0.00032627708
711968358,0,0.00027024638
711750183,0,0.0006589122
716511483,0,0.000995616
800869758,0,0.00013804002
715235808,0,0.00019886585
714199983,0,0.00014865097
718540308,0,0.0001753101
716460933,0,0.00062009157
780277458,0,0.00013296254
798011733,0,0.00026426985
714046608,0,0.00019788285
713396358,0,0.0011088073
714005508,0,0.00084996695
717444558,0,0.0004099315
713905608,0,0.00038944773
711126483,0,0.0043123327
714602658,1,0.9985322
716019333,0,0.000178901
714869958,0,0.000188314
778459833,0,0.0020191446
789309558,0,0.007610679
756736008,0,0.00052396517
779883933,0,0.00023581902
709343433,0,0.0004599541
806908608,0,0.00043044236
720521808,0,0.0036570167
709523508,0,0.0005760877
708373083,1,0.9768578
713325108,0,0.002687142
819214233,0,0.00060104945
713188383,0,0.0012058107
770778108,0,0.00024258507
716610558,0,0.005277215
715174158,0,0.00050861057
779608083,0,0.00034214498
780200208,0,0.00067905325
718675158,1,0.9985837
817977933,1,0.99397224
755273658,0,0.00018900153
715022133,0,0.0025282286
719804208,0,0.00011625364
780056733,0,0.00069057895
780373233,0,0.0004635369
817188408,0,0.0006602102
772073508,1,0.99979013
803805483,0,0.00042537437
717823383,0,0.00049622724
789907533,1,0.9986934
788259558,0,0.00053927524
815515158,0,0.00023302318
713884458,0,0.0033132776
789717708,0,0.00014759155
708160008,0,0.0001977033
708702258,1,0.9854277
789023508,0,0.00061265886
719265108,0,0.0021064237
813213558,0,0.0014578876
802460433,1,0.9996445
717995958,0,0.0004793365
710697408,0,0.0002990077
805458933,0,0.00053087476
713850783,0,0.0011183966
713876958,0,0.0018691595
718926258,0,0.00047264897
717585858,0,0.00016238842
710303208,0,0.00091769727
770647233,0,0.0017319326
715459158,0,0.0002433428
789185508,0,0.004344139
779305008,0,0.00092475425
713343333,0,0.00026193997
749067633,0,0.0008527564
811713408,0,0.0002730393
789990333,0,0.0006090936
788770908,0,0.00055924675
709411383,0,0.00026950228
708361833,0,0.0005007796
712801758,0,0.0008347589
721179708,0,0.00046574484
708511983,0,0.0007456253
711388458,0,0.00070004567
720486408,0,0.0005822953
709157133,0,0.0007667957
712240083,1,0.99902666
782802033,1,0.9985216
712091433,0,0.00058917486
720494058,0,0.00022483271
710277183,0,9.563545e-05
789804933,0,0.00020457264
719022558,0,0.00015800445
714573258,0,0.00033798377
709919283,0,0.000710542
716481408,0,0.0010149345
719038008,1,0.0341956
793456983,0,0.00047816895
720597108,1,0.99889934
715233108,0,8.964942e-05
709220583,0,0.003036087
779324358,0,0.00831189
712112733,0,0.00022283451
714443058,1,0.99807465
711109908,0,0.00028234645
717464958,0,0.0019591695
713701533,0,0.0005363247
772565883,0,0.00017791215
758765808,1,0.9091437
716851908,0,0.0006555676
721500108,0,0.00044883
820268358,0,0.0001344072
717171408,0,0.0013110659
713567958,0,0.00091600517
716512383,0,0.008397458
713008308,0,0.0017345622
780942633,0,0.0014826646
716249508,0,0.00037861516
714909108,0,0.0015008957
778708533,1,0.9996238
772725408,0,0.0003120346
709534083,1,0.99906856
817144458,0,0.00015568532
807157833,0,0.00023552467
716371308,0,0.007059515
716332533,0,0.0004590013
716924958,1,0.9992223
720904233,0,0.001396681
711964533,0,0.00026997522
788715483,0,0.00012992004
788832033,0,0.0013163422
716022258,1,0.9981799
712208658,0,0.00048321602
710482533,0,0.00047119232
717661908,0,0.00040855474
720254883,0,0.00076520845
719532108,0,0.0021721553
779610033,1,0.9978696
819977058,0,0.00018000981
772202058,0,0.0028761947
717658758,0,0.00063562335
720467583,0,0.00019161722
713314533,1,0.99691284
719318583,1,0.9996327
789122808,1,0.9970299
708525108,0,0.00014143158
779662308,0,0.0013980543
717180633,0,0.00088874105
713000058,0,0.0011740386
709747308,0,0.00021309996
712235433,1,0.98211503
712405908,0,0.0008187972
778885158,0,0.0002900458
789143283,0,0.000114509465
721233033,1,0.998987
718486608,0,0.0002679683
713249883,0,0.00029295555
797743233,0,0.00033169673
778346283,0,0.017449971
721113333,0,0.0017461011
720707283,1,0.048381057
788997408,0,0.00077390723
710456658,0,0.0002619824
808796208,0,0.00047796272
713685033,1,0.9993668
788912658,0,0.00028752218
712157958,1,0.93065494
711148308,0,0.0004455281
719117433,1,0.02369106
